"Smarter Balanced Growth Report, Trend",,,,,,,,,,,,,,,,,,,,
"All Districts, ELA and Math, All Grades Combined, All Students",,,,,,,,,,,,,,,,,,,,
,,,,,,,,,,,,,,,,,,,,
,,,,,,,,,,,,,,,,,,,,
,,,Number ofMatched Students,,,,,,Growth Rate,,,,,,Average Percentageof Target Achieved,,,,,
District Code,District,Subject,2015-16,2016-17,2017-18,2018-19,2021-22,2022-23,2015-16,2016-17,2017-18,2018-19,2021-22,2022-23,2015-16,2016-17,2017-18,2018-19,2021-22,2022-23
2850013,Achievement First Bridgeport Academy District,ELA,422,426,413,430,427,446,49.50%,31.50%,48.20%,51.40%,45.40%,47.10%,68.80%,50.30%,67.90%,70.60%,67.00%,70.00%
2850013,Achievement First Bridgeport Academy District,Math,422,426,412,429,410,436,59.50%,38.30%,42.00%,44.30%,44.60%,31.70%,77.80%,55.80%,59.00%,61.80%,63.10%,53.30%
2880013,Achievement First Hartford Academy District,ELA,465,488,539,492,428,407,48.20%,47.30%,52.50%,41.30%,47.00%,31.90%,71.70%,65.80%,73.00%,60.20%,70.40%,54.80%
2880013,Achievement First Hartford Academy District,Math,462,483,536,491,395,396,43.30%,50.30%,57.30%,38.90%,50.40%,18.40%,65.00%,68.30%,76.30%,57.40%,74.20%,34.90%
2790013,Amistad Academy District,ELA,413,428,427,410,431,442,44.10%,35.50%,39.80%,42.20%,54.10%,35.30%,67.20%,51.30%,60.20%,63.70%,77.10%,59.20%
2790013,Amistad Academy District,Math,411,427,426,407,415,432,55.20%,45.00%,48.40%,45.00%,49.60%,35.00%,76.00%,62.00%,68.00%,64.80%,69.40%,57.30%
0010011,Andover School District,ELA,125,106,87,75,56,56,48.80%,41.50%,60.90%,49.30%,25.00%,58.90%,67.00%,62.30%,81.00%,74.60%,49.90%,82.80%
0010011,Andover School District,Math,127,106,87,75,56,55,49.60%,50.90%,64.40%,48.00%,50.00%,50.90%,75.70%,74.80%,83.60%,73.70%,71.70%,76.70%
0020011,Ansonia School District,ELA,803,797,813,800,711,824,28.90%,28.70%,28.30%,26.60%,29.40%,23.10%,52.00%,51.10%,50.50%,47.60%,53.10%,46.50%
0020011,Ansonia School District,Math,803,789,807,799,696,814,34.90%,26.50%,36.60%,27.50%,28.90%,30.80%,57.30%,48.20%,59.30%,45.60%,51.00%,52.00%
2440014,Area Cooperative Educational Services,ELA,1123,1133,1107,1079,941,983,30.60%,35.30%,34.50%,33.90%,32.90%,27.80%,51.50%,56.60%,54.90%,53.40%,52.00%,46.60%
2440014,Area Cooperative Educational Services,Math,1119,1124,1103,1060,895,968,35.90%,37.80%,35.40%,37.50%,30.90%,32.40%,55.70%,56.60%,56.20%,56.90%,48.90%,51.20%
0030011,Ashford School District,ELA,195,195,184,189,164,171,37.90%,40.50%,37.00%,34.90%,34.80%,34.50%,59.70%,57.70%,59.50%,55.60%,56.10%,55.80%
0030011,Ashford School District,Math,193,195,184,188,163,169,42.00%,34.40%,42.90%,34.60%,38.00%,42.60%,58.30%,49.60%,61.40%,53.30%,58.10%,62.90%
0040011,Avon School District,ELA,1233,1223,1207,1190,1119,1151,55.90%,46.70%,53.40%,53.20%,44.30%,42.60%,73.20%,64.00%,70.60%,70.00%,62.10%,59.80%
0040011,Avon School District,Math,1238,1220,1206,1188,1114,1150,57.50%,54.30%,59.50%,56.40%,51.70%,47.10%,76.20%,72.70%,77.60%,74.70%,68.20%,65.90%
0050011,Barkhamsted School District,ELA,133,119,111,97,81,75,45.10%,44.50%,36.90%,46.40%,53.10%,38.70%,69.90%,67.10%,60.30%,69.70%,79.10%,62.30%
0050011,Barkhamsted School District,Math,133,118,109,97,81,75,34.60%,40.70%,35.80%,63.90%,55.60%,46.70%,66.40%,65.50%,62.00%,84.50%,74.00%,69.40%
0070011,Berlin School District,ELA,1087,1087,1029,1041,913,940,51.80%,39.00%,41.70%,37.00%,37.00%,37.90%,72.90%,56.40%,62.40%,55.50%,56.90%,60.20%
0070011,Berlin School District,Math,1086,1085,1026,1036,904,934,44.60%,52.70%,44.50%,46.10%,46.60%,55.40%,66.40%,73.30%,63.40%,65.20%,67.20%,74.50%
0080011,Bethany School District,ELA,167,157,161,151,135,162,49.70%,43.30%,49.70%,54.30%,50.40%,57.40%,69.70%,63.00%,71.20%,72.70%,72.80%,74.30%
0080011,Bethany School District,Math,167,157,160,151,134,161,55.70%,45.20%,47.50%,58.90%,60.40%,55.90%,78.70%,62.20%,70.60%,78.30%,79.30%,79.40%
0090011,Bethel School District,ELA,1009,1087,1098,1136,1144,1146,51.20%,35.90%,44.10%,41.00%,39.60%,38.40%,70.80%,55.60%,64.50%,62.10%,59.20%,59.00%
0090011,Bethel School District,Math,1009,1083,1095,1135,1122,1127,58.70%,41.20%,50.30%,44.60%,54.30%,49.40%,79.70%,62.60%,72.80%,64.90%,73.50%,68.70%
0110011,Bloomfield School District,ELA,563,623,618,641,581,612,36.40%,31.90%,30.60%,34.60%,39.10%,26.10%,60.20%,50.70%,53.00%,55.30%,60.70%,45.60%
0110011,Bloomfield School District,Math,565,623,617,639,580,607,43.40%,31.90%,40.70%,34.60%,42.10%,32.90%,65.40%,51.10%,60.30%,55.40%,62.90%,51.80%
0120011,Bolton School District,ELA,289,291,299,294,253,262,55.70%,36.10%,47.50%,39.80%,39.10%,37.00%,75.30%,52.10%,68.80%,58.90%,60.60%,57.30%
0120011,Bolton School District,Math,289,291,299,293,251,258,50.50%,37.50%,62.20%,42.00%,50.60%,42.20%,71.00%,57.80%,80.90%,61.20%,70.70%,61.90%
2950013,Booker T. Washington Academy District,ELA,*,*,28,64,224,207,*,*,21.40%,23.40%,26.80%,35.70%,*,*,50.20%,42.30%,52.20%,59.40%
2950013,Booker T. Washington Academy District,Math,*,*,28,64,224,206,*,*,7.10%,9.40%,37.50%,40.30%,*,*,20.30%,41.70%,64.70%,59.00%
0130011,Bozrah School District,ELA,107,111,109,109,86,80,40.20%,37.80%,44.00%,35.80%,29.10%,56.30%,60.90%,62.30%,63.90%,54.20%,49.50%,79.70%
0130011,Bozrah School District,Math,107,111,109,109,86,80,46.70%,36.00%,45.00%,42.20%,50.00%,68.80%,73.00%,59.20%,64.90%,66.00%,73.30%,86.20%
0140011,Branford School District,ELA,1047,1035,1030,1010,879,918,43.80%,37.10%,31.70%,43.70%,39.50%,38.80%,62.90%,55.00%,49.50%,63.50%,58.90%,57.50%
0140011,Branford School District,Math,1046,1033,1029,1007,875,916,41.70%,39.50%,40.70%,41.60%,43.10%,44.20%,63.00%,59.60%,61.30%,60.50%,63.40%,64.70%
2900013,Brass City Charter School District,ELA,*,38,71,100,160,160,*,23.70%,46.50%,35.00%,46.90%,32.50%,*,47.40%,66.70%,50.90%,69.90%,55.50%
2900013,Brass City Charter School District,Math,*,38,71,100,160,160,*,10.50%,57.70%,30.00%,55.60%,28.10%,*,19.00%,79.90%,53.00%,76.90%,45.20%
0150011,Bridgeport School District,ELA,6596,6767,6805,6974,5647,6319,31.00%,26.20%,35.40%,30.40%,36.80%,26.30%,54.60%,48.80%,59.80%,53.40%,60.50%,49.50%
0150011,Bridgeport School District,Math,6719,6752,6768,6956,5393,6295,29.10%,35.00%,33.00%,32.00%,36.10%,30.70%,50.90%,55.80%,53.70%,52.60%,56.60%,50.30%
0170011,Bristol School District,ELA,2765,2855,2853,2900,2465,2583,42.00%,34.90%,38.00%,33.00%,45.10%,37.70%,64.30%,54.90%,60.40%,53.90%,66.30%,57.60%
0170011,Bristol School District,Math,2782,2849,2840,2878,2412,2560,43.00%,37.20%,39.30%,35.40%,51.60%,46.30%,65.60%,58.40%,59.30%,54.80%,70.90%,65.80%
0180011,Brookfield School District,ELA,957,954,931,898,844,867,43.60%,41.80%,43.60%,43.50%,41.20%,48.10%,63.30%,60.80%,63.10%,65.00%,60.80%,68.00%
0180011,Brookfield School District,Math,957,949,928,895,841,863,45.70%,52.20%,47.50%,55.30%,46.60%,53.10%,67.90%,72.00%,67.20%,76.70%,66.70%,73.90%
0190011,Brooklyn School District,ELA,423,389,415,421,385,415,48.70%,42.70%,48.00%,36.80%,40.50%,41.40%,68.90%,61.60%,65.80%,57.60%,60.60%,62.20%
0190011,Brooklyn School District,Math,423,388,416,422,383,416,38.50%,45.40%,42.50%,41.70%,45.40%,43.00%,58.80%,64.80%,63.00%,62.20%,65.40%,65.00%
0210011,Canaan School District,ELA,39,38,38,31,31,36,53.80%,28.90%,44.70%,45.20%,32.30%,47.20%,71.10%,49.80%,67.20%,64.30%,44.60%,68.00%
0210011,Canaan School District,Math,39,38,38,31,31,36,23.10%,36.80%,44.70%,48.40%,45.20%,41.70%,45.30%,52.80%,65.20%,67.40%,59.20%,64.40%
0220011,Canterbury School District,ELA,248,237,210,215,218,235,44.40%,28.30%,35.70%,35.30%,42.20%,38.30%,66.90%,44.30%,57.70%,56.40%,62.10%,60.10%
0220011,Canterbury School District,Math,248,237,210,214,214,232,44.40%,43.00%,25.70%,36.00%,40.70%,55.20%,67.60%,63.10%,46.50%,60.40%,59.80%,77.20%
0230011,Canton School District,ELA,644,635,598,576,522,536,51.20%,38.00%,42.30%,42.00%,35.60%,39.20%,71.10%,57.00%,61.40%,60.60%,53.80%,58.40%
0230011,Canton School District,Math,644,632,595,575,520,532,55.10%,43.20%,53.80%,48.70%,35.60%,41.40%,76.50%,61.90%,72.30%,65.10%,54.90%,60.20%
2970013,Capital Preparatory Harbor School District,ELA,88,96,138,219,255,296,35.20%,52.10%,39.10%,26.90%,37.30%,40.20%,56.80%,73.90%,62.10%,51.30%,60.30%,62.50%
2970013,Capital Preparatory Harbor School District,Math,87,96,138,218,254,296,13.80%,79.20%,40.60%,43.60%,41.30%,36.50%,31.60%,90.30%,63.40%,64.50%,61.40%,59.30%
2410014,Capitol Region Education Council,ELA,2539,2644,2766,2929,2658,2876,39.90%,36.20%,39.00%,37.00%,29.10%,32.30%,61.40%,56.60%,58.80%,56.60%,49.70%,54.50%
2410014,Capitol Region Education Council,Math,2512,2613,2750,2907,2554,2820,37.30%,39.80%,32.70%,31.30%,27.70%,32.10%,58.40%,59.40%,52.40%,49.40%,46.70%,52.20%
0240011,Chaplin School District,ELA,43,51,46,52,55,46,55.80%,43.10%,41.30%,30.80%,34.50%,37.00%,79.00%,60.30%,64.90%,48.70%,58.90%,54.70%
0240011,Chaplin School District,Math,42,50,46,51,55,46,31.00%,60.00%,54.30%,43.10%,36.40%,52.20%,43.80%,80.20%,81.60%,70.70%,72.90%,74.70%
0250011,Cheshire School District,ELA,1688,1657,1599,1500,1413,1485,52.70%,44.40%,52.50%,54.30%,43.00%,49.90%,70.00%,62.20%,69.70%,70.50%,60.10%,68.90%
0250011,Cheshire School District,Math,1689,1654,1595,1498,1407,1479,53.10%,49.50%,50.70%,58.90%,50.60%,56.70%,72.90%,68.10%,67.80%,77.30%,68.90%,73.20%
0260011,Chester School District,ELA,100,89,84,82,79,84,50.00%,61.80%,59.50%,56.10%,39.20%,46.40%,68.60%,80.00%,77.80%,78.50%,63.30%,64.20%
0260011,Chester School District,Math,100,89,84,82,79,84,55.00%,61.80%,46.40%,67.10%,69.60%,48.80%,74.40%,80.70%,69.70%,83.20%,90.30%,67.40%
0270011,Clinton School District,ELA,725,696,683,659,514,497,43.00%,32.50%,29.30%,41.60%,36.60%,29.80%,63.40%,53.00%,47.60%,61.70%,57.70%,50.70%
0270011,Clinton School District,Math,727,696,687,659,512,495,48.60%,44.30%,32.80%,52.00%,42.40%,43.80%,69.80%,66.20%,52.40%,74.10%,62.60%,67.80%
0280011,Colchester School District,ELA,935,890,867,826,734,729,48.40%,36.90%,42.40%,40.90%,39.10%,39.20%,69.20%,55.30%,64.10%,60.30%,58.30%,58.60%
0280011,Colchester School District,Math,935,889,867,825,735,727,42.60%,57.00%,54.40%,54.40%,56.30%,56.00%,61.90%,76.60%,75.20%,76.10%,76.60%,76.30%
0290011,Colebrook School District,ELA,31,30,33,35,38,32,61.30%,26.70%,39.40%,65.70%,39.50%,40.60%,81.50%,41.10%,60.60%,77.30%,64.10%,62.60%
0290011,Colebrook School District,Math,31,30,33,35,38,32,35.50%,43.30%,30.30%,51.40%,47.40%,53.10%,62.70%,71.70%,58.00%,66.10%,69.30%,75.60%
0300011,Columbia School District,ELA,228,214,215,201,208,230,47.40%,30.40%,47.40%,46.30%,35.10%,36.50%,67.30%,48.90%,65.10%,66.20%,59.60%,58.80%
0300011,Columbia School District,Math,227,214,214,198,209,228,37.40%,41.10%,34.60%,31.30%,56.50%,38.60%,60.90%,64.90%,56.50%,53.90%,78.70%,58.90%
2430014,Cooperative Educational Services,ELA,267,255,259,243,222,227,36.00%,27.10%,39.40%,37.90%,36.50%,28.20%,58.80%,46.00%,61.80%,60.20%,63.10%,52.30%
2430014,Cooperative Educational Services,Math,268,255,259,244,220,226,37.70%,34.10%,42.50%,39.30%,45.50%,34.50%,58.00%,54.50%,61.90%,61.30%,64.50%,56.30%
0310011,Cornwall School District,ELA,45,39,38,42,55,42,44.40%,48.70%,50.00%,57.10%,52.70%,40.50%,64.70%,63.70%,71.70%,73.20%,75.70%,60.90%
0310011,Cornwall School District,Math,45,39,38,42,55,42,46.70%,46.20%,36.80%,76.20%,60.00%,52.40%,65.70%,64.00%,56.80%,86.00%,77.30%,70.00%
0320011,Coventry School District,ELA,606,606,613,596,621,585,54.60%,46.20%,53.00%,54.40%,46.10%,46.30%,76.60%,64.30%,71.60%,72.10%,65.70%,63.50%
0320011,Coventry School District,Math,605,600,606,594,611,583,52.10%,52.50%,47.00%,51.50%,39.80%,52.00%,75.40%,74.30%,68.80%,71.20%,58.10%,68.50%
0330011,Cromwell School District,ELA,753,757,736,768,748,745,44.20%,34.90%,50.10%,46.00%,40.60%,33.60%,66.30%,53.70%,71.00%,67.70%,60.80%,53.60%
0330011,Cromwell School District,Math,752,752,735,767,741,739,37.90%,48.80%,58.20%,53.80%,42.50%,38.80%,59.00%,69.80%,78.20%,76.70%,63.00%,58.70%
0340011,Danbury School District,ELA,3676,3955,3991,4092,4038,4208,41.30%,31.70%,38.40%,35.30%,37.30%,33.40%,63.90%,52.40%,60.30%,57.20%,59.30%,55.20%
0340011,Danbury School District,Math,3734,3943,3981,4075,3994,4198,42.80%,36.60%,35.90%,37.50%,41.40%,36.20%,64.50%,58.10%,56.80%,56.80%,61.00%,57.20%
0350011,Darien School District,ELA,1808,1763,1786,1763,1724,1655,59.20%,49.90%,53.80%,56.10%,52.30%,49.40%,76.30%,66.40%,69.80%,71.90%,68.30%,65.10%
0350011,Darien School District,Math,1809,1760,1783,1762,1717,1648,68.00%,61.10%,65.50%,69.20%,58.50%,61.20%,86.10%,77.00%,81.50%,84.70%,74.60%,78.10%
0360011,Deep River School District,ELA,146,140,128,109,86,78,48.60%,50.00%,52.30%,41.30%,38.40%,41.00%,67.50%,70.50%,69.60%,63.40%,57.20%,59.30%
0360011,Deep River School District,Math,146,140,128,109,86,78,50.70%,55.00%,47.70%,56.00%,54.70%,34.60%,73.00%,78.40%,75.80%,78.50%,75.60%,57.00%
0370011,Derby School District,ELA,520,530,533,516,398,435,31.50%,24.00%,28.70%,28.50%,30.20%,32.20%,52.80%,43.60%,50.30%,48.80%,48.60%,53.40%
0370011,Derby School District,Math,520,529,532,517,388,432,22.90%,24.20%,32.50%,34.80%,32.00%,21.50%,45.20%,46.30%,52.80%,55.70%,52.70%,39.80%
0400011,East Granby School District,ELA,310,325,321,327,317,315,40.60%,49.80%,44.90%,55.00%,46.40%,44.80%,59.80%,68.50%,61.50%,72.10%,68.30%,64.20%
0400011,East Granby School District,Math,310,321,317,325,315,314,50.30%,43.30%,50.50%,54.20%,51.70%,45.50%,70.60%,62.20%,66.40%,71.50%,67.80%,66.00%
0410011,East Haddam School District,ELA,394,371,346,350,341,363,48.20%,42.90%,40.80%,45.70%,38.70%,38.60%,64.30%,63.20%,58.20%,66.30%,54.40%,54.40%
0410011,East Haddam School District,Math,392,370,346,345,335,361,32.40%,45.40%,33.20%,47.00%,34.60%,36.60%,52.40%,67.20%,54.20%,66.40%,56.70%,59.10%
0420011,East Hampton School District,ELA,648,687,723,703,660,659,34.40%,39.30%,35.40%,36.70%,35.60%,42.60%,53.30%,60.70%,56.10%,57.20%,55.80%,63.00%
0420011,East Hampton School District,Math,644,687,723,702,658,654,34.60%,39.40%,36.90%,43.30%,39.70%,31.30%,55.10%,64.00%,58.00%,65.90%,61.20%,52.80%
0430011,East Hartford School District,ELA,2192,2179,2305,2248,1934,1927,36.00%,29.60%,37.00%,35.80%,41.20%,36.20%,59.50%,52.10%,60.70%,58.50%,64.20%,58.80%
0430011,East Hartford School District,Math,2195,2115,2227,2227,1887,1907,26.70%,28.70%,36.40%,33.80%,48.90%,41.50%,48.10%,51.50%,58.40%,54.50%,68.40%,64.20%
0440011,East Haven School District,ELA,1059,1017,947,962,891,939,42.50%,27.90%,34.50%,36.00%,36.90%,32.90%,67.60%,47.50%,54.50%,58.20%,57.80%,53.70%
0440011,East Haven School District,Math,1059,1014,946,957,880,934,37.70%,30.10%,30.10%,32.20%,37.50%,34.60%,61.00%,51.00%,50.90%,54.60%,57.50%,55.80%
0450011,East Lyme School District,ELA,961,955,942,897,827,817,47.00%,38.40%,47.60%,45.30%,41.80%,42.80%,64.90%,56.30%,65.90%,63.30%,60.70%,61.70%
0450011,East Lyme School District,Math,957,954,942,897,826,812,50.40%,43.20%,43.20%,45.30%,47.00%,45.70%,70.70%,62.00%,60.50%,63.10%,64.70%,62.70%
0470011,East Windsor School District,ELA,345,351,357,360,340,354,33.30%,29.10%,32.50%,31.10%,43.50%,36.40%,58.40%,51.40%,56.40%,54.50%,64.80%,57.80%
0470011,East Windsor School District,Math,347,350,357,364,335,351,32.90%,28.90%,38.10%,24.50%,63.60%,37.60%,56.40%,52.70%,57.50%,45.60%,80.70%,57.00%
2530014,Eastern Connecticut Regional Educational Service Center (EASTCONN),ELA,30,25,37,33,24,12,16.70%,24.00%,32.40%,21.20%,29.20%,*,35.00%,44.90%,51.20%,45.30%,52.80%,*
2530014,Eastern Connecticut Regional Educational Service Center (EASTCONN),Math,26,22,37,32,22,9,23.10%,31.80%,27.00%,31.30%,31.80%,*,40.20%,46.40%,45.60%,49.20%,41.10%,*
0390011,Eastford School District,ELA,67,74,78,76,54,67,37.30%,39.20%,29.50%,30.30%,27.80%,62.70%,59.00%,53.60%,46.20%,53.60%,45.00%,85.00%
0390011,Eastford School District,Math,67,74,78,76,54,66,47.80%,50.00%,41.00%,47.40%,25.90%,48.50%,68.60%,70.50%,66.40%,67.70%,49.70%,71.10%
0460011,Easton School District,ELA,501,499,495,501,456,468,58.10%,48.10%,48.10%,52.30%,54.20%,53.20%,76.70%,64.50%,66.20%,68.60%,71.10%,69.30%
0460011,Easton School District,Math,496,497,494,501,455,468,66.50%,52.70%,46.80%,53.50%,59.60%,56.60%,86.20%,70.70%,64.80%,69.60%,78.30%,73.50%
2420014,EdAdvance,ELA,*,*,*,*,12,12,*,*,*,*,*,*,*,*,*,*,*,*
2420014,EdAdvance,Math,*,*,*,10,11,11,*,*,*,*,*,*,*,*,*,*,*,*
0480011,Ellington School District,ELA,1013,1017,1006,1003,927,950,45.10%,34.70%,45.90%,41.00%,45.50%,44.60%,65.10%,51.70%,64.80%,59.50%,63.60%,63.30%
0480011,Ellington School District,Math,1014,1016,1001,997,929,946,47.50%,40.60%,44.70%,48.00%,54.00%,54.70%,69.70%,60.60%,62.40%,68.20%,72.30%,72.50%
2890013,Elm City College Preparatory School District,ELA,310,305,300,296,289,294,54.50%,36.40%,43.70%,45.90%,48.40%,37.80%,75.30%,56.30%,64.30%,64.90%,68.70%,56.00%
2890013,Elm City College Preparatory School District,Math,310,304,298,296,286,292,46.50%,41.80%,49.30%,42.20%,25.50%,31.80%,67.60%,59.30%,71.70%,61.20%,45.30%,51.80%
2910013,Elm City Montessori School District,ELA,*,*,*,17,76,94,*,*,*,*,30.30%,34.00%,*,*,*,*,45.10%,51.80%
2910013,Elm City Montessori School District,Math,*,*,*,17,75,94,*,*,*,*,21.30%,31.90%,*,*,*,*,46.50%,53.20%
0490011,Enfield School District,ELA,1714,1748,1691,1758,1607,1641,44.90%,27.40%,34.20%,34.40%,36.50%,31.40%,66.80%,46.50%,55.00%,55.30%,57.60%,52.80%
0490011,Enfield School District,Math,1709,1750,1686,1749,1565,1629,34.30%,30.00%,27.80%,35.20%,47.90%,34.40%,58.20%,50.60%,49.00%,55.60%,67.90%,54.20%
0500011,Essex School District,ELA,182,140,146,135,114,108,51.10%,47.10%,58.20%,60.70%,56.10%,39.80%,70.10%,69.00%,76.60%,84.60%,72.80%,59.20%
0500011,Essex School District,Math,183,140,146,135,114,108,58.50%,42.90%,37.70%,68.10%,55.30%,46.30%,81.60%,66.40%,63.60%,89.70%,80.30%,64.40%
0510011,Fairfield School District,ELA,3804,3769,3780,3731,3343,3271,50.30%,46.80%,49.20%,47.10%,48.60%,45.80%,70.00%,65.20%,68.80%,65.40%,67.00%,62.70%
0510011,Fairfield School District,Math,3795,3764,3769,3723,3330,3265,49.00%,53.70%,51.20%,52.80%,53.80%,47.80%,70.60%,74.30%,70.40%,72.10%,72.70%,65.70%
0520011,Farmington School District,ELA,1512,1570,1573,1530,1466,1465,53.60%,49.50%,55.30%,53.00%,48.60%,51.60%,71.90%,66.70%,72.00%,70.70%,66.00%,68.60%
0520011,Farmington School District,Math,1519,1568,1571,1527,1454,1455,64.60%,55.00%,56.40%,58.20%,55.00%,62.30%,84.20%,73.80%,74.20%,74.60%,72.80%,79.10%
0530011,Franklin School District,ELA,88,88,78,79,83,84,35.20%,50.00%,41.00%,41.80%,30.10%,33.30%,53.30%,69.80%,60.00%,66.20%,53.80%,56.80%
0530011,Franklin School District,Math,88,88,78,79,83,84,27.30%,28.40%,29.50%,67.10%,44.60%,41.70%,47.60%,46.80%,46.40%,87.00%,68.90%,63.40%
0540011,Glastonbury School District,ELA,2315,2265,2215,2164,1854,2022,50.70%,46.40%,48.10%,49.00%,49.90%,49.40%,68.30%,62.00%,65.50%,66.00%,66.90%,66.70%
0540011,Glastonbury School District,Math,2313,2264,2214,2164,1847,2018,57.70%,51.20%,54.40%,57.20%,56.20%,57.20%,77.80%,69.50%,71.40%,74.30%,74.10%,73.50%
2310018,Goodwin University Educational Services (GUES),ELA,*,*,*,*,226,307,*,*,*,*,38.50%,23.10%,*,*,*,*,64.70%,47.10%
2310018,Goodwin University Educational Services (GUES),Math,*,*,*,*,226,307,*,*,*,*,40.30%,29.30%,*,*,*,*,65.10%,49.10%
0560011,Granby School District,ELA,687,660,646,665,633,625,58.70%,40.20%,42.90%,49.30%,45.50%,43.50%,76.90%,58.40%,61.80%,68.60%,65.70%,64.70%
0560011,Granby School District,Math,686,659,645,661,631,619,51.50%,37.60%,47.90%,45.80%,47.40%,43.10%,72.80%,58.30%,67.50%,67.40%,69.10%,61.70%
2940013,Great Oaks Charter School District,ELA,206,279,272,276,241,253,40.30%,20.10%,23.50%,37.30%,29.00%,43.90%,60.00%,37.90%,45.10%,58.30%,49.30%,69.90%
2940013,Great Oaks Charter School District,Math,203,276,273,278,233,257,44.80%,34.80%,41.00%,26.60%,38.60%,36.60%,62.80%,52.00%,55.60%,40.50%,55.50%,56.70%
0570011,Greenwich School District,ELA,3025,3104,3226,3219,3038,2979,53.90%,46.50%,52.90%,51.10%,50.60%,52.40%,71.80%,64.00%,70.60%,68.90%,67.50%,68.80%
0570011,Greenwich School District,Math,3060,3103,3218,3216,3022,2968,55.80%,59.00%,54.50%,56.50%,55.70%,57.30%,74.00%,77.60%,71.60%,73.70%,72.50%,74.60%
0580011,Griswold School District,ELA,635,628,615,625,558,562,42.20%,36.80%,40.50%,35.70%,25.60%,42.00%,63.70%,59.20%,59.40%,57.20%,47.80%,66.50%
0580011,Griswold School District,Math,635,624,614,625,557,561,50.10%,57.90%,44.60%,42.10%,36.10%,49.40%,70.30%,79.00%,65.40%,62.50%,57.70%,71.10%
0590011,Groton School District,ELA,1403,1425,1403,1466,1276,1303,41.10%,39.00%,40.80%,41.20%,41.90%,33.00%,61.10%,60.00%,61.10%,61.30%,63.00%,52.30%
0590011,Groton School District,Math,1412,1420,1402,1463,1262,1295,45.50%,38.20%,41.30%,49.50%,50.00%,36.80%,65.40%,58.70%,61.30%,69.50%,70.40%,55.60%
0600011,Guilford School District,ELA,1303,1304,1271,1258,1083,1135,54.10%,44.90%,55.50%,49.70%,50.30%,43.60%,72.20%,62.00%,72.40%,66.50%,68.60%,61.00%
0600011,Guilford School District,Math,1302,1303,1270,1257,1084,1133,58.00%,58.30%,60.20%,58.80%,52.90%,50.20%,78.10%,77.50%,78.70%,75.80%,72.00%,67.70%
0620011,Hamden School District,ELA,1835,1867,1885,1923,1732,1790,37.30%,34.10%,39.30%,33.80%,40.20%,33.30%,57.30%,54.00%,58.80%,52.20%,61.50%,53.60%
0620011,Hamden School District,Math,1833,1845,1882,1917,1687,1783,36.10%,41.50%,36.70%,42.30%,46.50%,43.90%,56.50%,62.90%,56.60%,61.90%,67.40%,63.60%
0630011,Hampton School District,ELA,28,39,41,33,24,22,53.60%,53.80%,48.80%,33.30%,25.00%,31.80%,78.80%,77.60%,72.20%,60.10%,50.90%,52.10%
0630011,Hampton School District,Math,27,38,41,33,24,22,55.60%,68.40%,41.50%,45.50%,41.70%,36.40%,79.50%,81.90%,81.80%,74.50%,68.40%,63.40%
0640011,Hartford School District,ELA,6808,6878,6652,6640,5325,5342,32.20%,23.50%,31.80%,29.00%,30.10%,28.30%,54.40%,43.20%,54.80%,51.40%,51.90%,50.80%
0640011,Hartford School District,Math,6910,6731,6570,6591,5078,5266,33.80%,27.60%,36.80%,29.80%,34.70%,32.60%,55.80%,47.10%,57.10%,48.90%,53.60%,52.10%
0650011,Hartland School District,ELA,105,103,96,85,81,69,57.10%,42.70%,40.60%,54.10%,46.90%,46.40%,79.70%,67.30%,63.80%,72.50%,67.30%,69.10%
0650011,Hartland School District,Math,104,101,94,85,81,69,60.60%,53.50%,41.50%,57.60%,48.10%,56.50%,82.40%,72.70%,66.70%,77.30%,67.60%,78.70%
0670011,Hebron School District,ELA,341,309,291,255,258,251,44.90%,41.70%,34.00%,39.20%,39.90%,49.80%,69.00%,63.40%,57.10%,59.70%,59.60%,68.70%
0670011,Hebron School District,Math,342,309,291,255,257,251,56.70%,57.00%,43.60%,43.90%,46.70%,48.60%,82.20%,80.70%,68.40%,66.20%,69.20%,70.70%
2860013,Highville Charter School District,ELA,181,169,152,152,137,153,32.60%,23.70%,23.70%,28.30%,28.50%,30.10%,54.80%,46.30%,47.30%,55.40%,53.50%,52.00%
2860013,Highville Charter School District,Math,181,169,152,152,126,151,47.00%,33.70%,19.70%,29.60%,31.70%,26.50%,67.90%,52.60%,41.60%,55.00%,52.40%,46.60%
2640013,Integrated Day Charter School District,ELA,157,154,158,164,176,185,31.80%,45.50%,36.70%,34.80%,47.70%,37.30%,52.40%,64.80%,56.70%,52.60%,69.60%,61.10%
2640013,Integrated Day Charter School District,Math,154,149,155,164,171,184,42.90%,38.30%,26.50%,43.30%,40.40%,33.70%,64.80%,58.20%,48.50%,66.30%,64.70%,55.20%
2650013,Interdistrict School for Arts and Comm District,ELA,254,251,246,251,253,261,32.70%,26.70%,25.20%,31.10%,37.50%,39.10%,47.50%,43.80%,42.90%,50.40%,58.50%,59.50%
2650013,Interdistrict School for Arts and Comm District,Math,252,251,245,251,245,256,18.70%,29.10%,21.60%,26.30%,41.60%,49.60%,33.00%,45.00%,38.50%,43.60%,62.20%,69.70%
2610013,Jumoke Academy District,ELA,325,315,330,322,277,242,34.80%,25.70%,34.80%,27.30%,26.70%,29.30%,54.50%,48.90%,54.80%,48.30%,46.10%,51.40%
2610013,Jumoke Academy District,Math,326,315,325,318,270,242,35.30%,32.10%,33.20%,24.20%,38.50%,24.80%,55.70%,52.90%,55.10%,44.30%,56.60%,46.90%
0680011,Kent School District,ELA,126,127,126,104,98,83,47.60%,55.90%,46.80%,57.70%,33.70%,59.00%,62.70%,73.40%,62.00%,72.60%,48.80%,69.80%
0680011,Kent School District,Math,126,127,125,104,98,83,52.40%,40.90%,43.20%,51.00%,48.00%,48.20%,70.10%,61.90%,64.10%,68.50%,68.50%,66.80%
0690011,Killingly School District,ELA,773,764,776,764,676,754,48.60%,29.80%,38.90%,43.10%,37.40%,37.30%,70.10%,49.30%,60.30%,62.90%,62.80%,59.40%
0690011,Killingly School District,Math,771,760,775,759,646,746,40.50%,23.30%,41.50%,35.40%,44.90%,31.80%,63.70%,42.40%,63.70%,56.00%,64.40%,53.00%
2450014,Learn,ELA,296,318,386,432,152,168,45.30%,33.30%,40.40%,36.10%,37.50%,33.30%,70.90%,52.90%,64.80%,62.80%,66.60%,58.10%
2450014,Learn,Math,300,315,385,431,146,166,41.30%,32.40%,31.20%,41.50%,52.70%,19.30%,65.40%,59.30%,55.80%,63.80%,77.40%,43.10%
0710011,Lebanon School District,ELA,337,342,321,339,312,308,50.40%,32.20%,38.90%,35.70%,46.50%,32.10%,67.10%,48.30%,59.10%,51.40%,63.70%,47.10%
0710011,Lebanon School District,Math,333,340,318,337,308,306,41.70%,38.80%,38.70%,44.80%,57.80%,49.00%,65.40%,58.10%,59.80%,64.60%,77.90%,65.60%
0720011,Ledyard School District,ELA,776,797,812,817,813,841,42.10%,31.60%,37.80%,32.10%,38.70%,30.90%,62.00%,50.20%,57.20%,53.20%,60.50%,49.40%
0720011,Ledyard School District,Math,778,793,808,815,804,840,47.90%,36.30%,50.00%,39.40%,48.30%,38.00%,70.10%,56.50%,69.70%,60.40%,68.40%,58.40%
0730011,Lisbon School District,ELA,203,212,204,206,202,193,36.90%,34.00%,44.10%,36.90%,41.10%,44.00%,57.20%,51.10%,66.20%,55.10%,63.00%,62.50%
0730011,Lisbon School District,Math,203,212,204,203,201,192,42.90%,37.70%,37.30%,37.40%,72.10%,56.30%,68.10%,58.80%,55.90%,61.50%,89.50%,77.30%
0740011,Litchfield School District,ELA,372,336,313,309,301,297,56.70%,39.90%,47.30%,46.00%,37.90%,47.10%,75.40%,58.50%,64.80%,62.90%,54.30%,65.90%
0740011,Litchfield School District,Math,372,336,313,309,300,297,57.30%,51.50%,52.10%,49.50%,51.70%,58.20%,74.70%,70.10%,70.60%,72.10%,68.00%,75.40%
0760011,Madison School District,ELA,964,882,828,805,815,811,37.20%,33.20%,34.90%,38.80%,45.60%,47.80%,54.60%,50.00%,52.70%,57.80%,63.90%,66.70%
0760011,Madison School District,Math,962,868,820,802,815,811,41.20%,42.60%,44.60%,45.00%,54.50%,61.70%,59.40%,62.00%,62.00%,62.90%,71.90%,80.10%
0770011,Manchester School District,ELA,1962,2011,2041,2002,1674,1954,35.00%,26.00%,29.40%,27.70%,29.50%,28.50%,57.30%,45.60%,50.50%,50.00%,50.80%,48.40%
0770011,Manchester School District,Math,1964,1995,2020,1965,1605,1926,32.60%,31.30%,25.90%,34.00%,34.00%,33.80%,54.50%,52.00%,44.70%,54.40%,54.10%,53.90%
0780011,Mansfield School District,ELA,537,589,578,585,519,492,51.00%,45.00%,50.50%,51.80%,48.90%,43.50%,68.30%,61.00%,65.80%,68.70%,66.40%,62.20%
0780011,Mansfield School District,Math,541,588,572,583,512,490,53.80%,53.60%,51.60%,58.70%,55.50%,49.20%,70.80%,70.10%,66.40%,76.50%,72.50%,66.40%
0790011,Marlborough School District,ELA,253,262,228,205,165,173,56.10%,45.40%,46.10%,45.40%,42.40%,42.20%,77.40%,65.50%,65.30%,64.60%,64.00%,66.30%
0790011,Marlborough School District,Math,252,261,228,205,165,173,60.30%,46.00%,56.10%,58.00%,60.60%,53.20%,84.10%,70.40%,77.70%,82.00%,87.00%,76.70%
0800011,Meriden School District,ELA,2450,2575,2601,2747,2996,3085,39.30%,29.10%,39.40%,40.40%,40.10%,37.00%,61.80%,49.60%,62.40%,61.60%,61.20%,58.20%
0800011,Meriden School District,Math,2449,2544,2554,2690,2911,3059,40.30%,34.80%,42.70%,39.50%,42.10%,39.70%,64.00%,56.20%,63.70%,60.60%,61.10%,58.70%
0830011,Middletown School District,ELA,1606,1616,1566,1563,1545,1556,38.00%,33.40%,32.70%,40.00%,39.40%,26.10%,58.60%,53.50%,53.70%,61.90%,60.40%,46.30%
0830011,Middletown School District,Math,1607,1610,1559,1555,1531,1549,37.50%,37.40%,36.60%,35.20%,39.40%,28.30%,57.30%,57.70%,56.30%,54.80%,58.90%,49.90%
0840011,Milford School District,ELA,2191,2122,2040,1966,1835,1850,48.20%,41.00%,39.90%,46.10%,38.50%,35.50%,68.30%,60.60%,59.50%,66.60%,59.10%,55.90%
0840011,Milford School District,Math,2184,2104,2031,1968,1829,1847,46.10%,48.40%,45.40%,45.00%,44.00%,45.20%,67.00%,69.50%,65.80%,65.30%,64.90%,64.00%
0850011,Monroe School District,ELA,1182,1183,1187,1154,1171,1202,49.10%,47.90%,48.60%,52.90%,50.20%,42.20%,64.60%,64.10%,65.20%,69.80%,68.70%,59.20%
0850011,Monroe School District,Math,1181,1181,1185,1150,1157,1192,49.60%,47.10%,45.10%,49.80%,53.30%,45.20%,70.80%,67.20%,64.00%,68.60%,73.30%,64.60%
0860011,Montville School District,ELA,832,820,839,795,761,750,44.60%,34.80%,40.50%,43.80%,36.40%,36.00%,65.30%,55.30%,60.90%,62.30%,54.90%,54.80%
0860011,Montville School District,Math,833,819,835,793,756,751,45.90%,39.70%,46.10%,45.90%,43.40%,39.90%,68.10%,60.10%,65.10%,64.00%,60.40%,57.60%
0880011,Naugatuck School District,ELA,1533,1525,1492,1513,1453,1472,41.80%,33.00%,42.60%,42.20%,34.40%,32.90%,64.50%,53.20%,63.60%,62.50%,54.10%,54.40%
0880011,Naugatuck School District,Math,1538,1521,1489,1511,1430,1467,33.10%,43.90%,50.80%,37.30%,37.60%,35.30%,54.70%,64.50%,71.80%,55.70%,57.40%,54.60%
2800013,New Beginnings Inc Family Academy District,ELA,169,190,189,188,194,132,34.30%,24.70%,30.20%,36.20%,42.30%,17.40%,56.80%,47.60%,52.90%,62.80%,64.90%,39.80%
2800013,New Beginnings Inc Family Academy District,Math,169,190,188,188,189,131,31.40%,19.50%,24.50%,43.60%,46.00%,32.80%,54.30%,37.50%,46.10%,72.50%,67.50%,53.20%
0890011,New Britain School District,ELA,3118,3292,3401,3477,2793,3314,28.90%,20.90%,31.20%,26.10%,30.60%,28.10%,51.60%,42.20%,54.90%,48.80%,53.60%,51.20%
0890011,New Britain School District,Math,3143,3274,3377,3446,2654,3265,24.80%,25.40%,33.40%,24.20%,35.20%,35.70%,44.70%,44.90%,55.10%,44.20%,55.00%,56.80%
0900011,New Canaan School District,ELA,1556,1626,1538,1552,1519,1517,52.80%,60.10%,59.00%,59.00%,51.70%,56.60%,68.70%,75.70%,73.80%,72.80%,66.90%,72.20%
0900011,New Canaan School District,Math,1558,1622,1536,1550,1516,1515,59.60%,75.60%,67.40%,70.00%,59.90%,64.90%,77.70%,91.30%,81.20%,84.70%,75.90%,80.10%
0910011,New Fairfield School District,ELA,795,774,747,741,753,749,50.90%,35.90%,52.30%,43.20%,49.10%,40.70%,71.10%,53.00%,72.40%,62.10%,69.20%,59.70%
0910011,New Fairfield School District,Math,779,763,741,740,752,747,58.40%,47.80%,53.60%,47.30%,60.20%,51.90%,79.40%,69.00%,72.50%,65.50%,78.80%,69.90%
0920011,New Hartford School District,ELA,197,202,196,185,183,175,43.10%,28.70%,49.00%,44.90%,30.60%,38.90%,66.40%,49.20%,68.70%,63.20%,52.40%,62.70%
0920011,New Hartford School District,Math,196,201,195,184,182,172,32.10%,33.30%,41.50%,43.50%,47.30%,34.30%,56.80%,58.60%,62.70%,62.30%,69.10%,57.80%
0930011,New Haven School District,ELA,6725,7067,7183,7163,5216,6264,38.90%,30.00%,35.00%,32.60%,36.20%,29.30%,63.30%,53.00%,58.30%,55.20%,58.70%,52.10%
0930011,New Haven School District,Math,6796,7036,7158,7139,4905,6181,40.90%,31.60%,32.60%,33.30%,39.40%,32.70%,63.50%,52.90%,53.60%,53.60%,59.70%,52.90%
0950011,New London School District,ELA,993,1119,1181,1138,855,952,31.80%,23.00%,33.00%,31.10%,24.40%,25.40%,53.90%,45.10%,55.60%,52.10%,47.70%,49.40%
0950011,New London School District,Math,1012,1112,1178,1133,833,944,27.10%,26.00%,35.20%,30.90%,31.20%,30.20%,49.50%,48.20%,56.30%,49.30%,52.80%,49.70%
0960011,New Milford School District,ELA,1469,1496,1487,1438,1183,1214,40.30%,35.00%,45.20%,36.50%,35.20%,29.50%,61.10%,53.60%,65.90%,55.00%,56.30%,51.00%
0960011,New Milford School District,Math,1440,1468,1478,1428,1166,1196,44.20%,39.20%,42.10%,41.90%,42.50%,31.40%,64.60%,58.70%,61.80%,63.40%,63.00%,53.00%
0940011,Newington School District,ELA,1521,1550,1550,1546,1353,1377,37.30%,30.10%,45.10%,34.40%,39.10%,33.40%,58.20%,48.50%,67.10%,53.50%,60.40%,52.50%
0940011,Newington School District,Math,1522,1545,1544,1542,1335,1359,37.60%,39.00%,42.60%,42.80%,48.00%,39.90%,56.30%,59.90%,64.00%,63.50%,68.90%,60.30%
0970011,Newtown School District,ELA,1704,1609,1532,1505,1343,1408,45.80%,36.90%,45.30%,46.10%,46.90%,40.00%,63.90%,54.30%,65.00%,65.50%,64.90%,57.90%
0970011,Newtown School District,Math,1703,1606,1531,1504,1339,1406,59.10%,48.80%,46.40%,51.60%,55.00%,45.30%,78.00%,67.20%,64.60%,69.60%,74.60%,64.30%
0980011,Norfolk School District,ELA,44,38,39,36,30,30,45.50%,36.80%,43.60%,22.20%,30.00%,23.30%,65.80%,62.70%,66.10%,47.10%,55.00%,39.20%
0980011,Norfolk School District,Math,44,38,39,36,29,28,50.00%,39.50%,38.50%,19.40%,24.10%,25.00%,69.80%,59.30%,63.10%,42.60%,56.70%,37.60%
0990011,North Branford School District,ELA,705,650,648,670,593,576,43.30%,30.80%,36.10%,30.40%,42.30%,35.40%,64.40%,48.90%,55.40%,51.20%,63.40%,55.40%
0990011,North Branford School District,Math,705,648,648,668,592,576,45.50%,38.40%,39.70%,41.80%,55.70%,46.50%,66.10%,59.70%,58.10%,62.70%,75.50%,65.20%
1000011,North Canaan School District,ELA,110,129,138,120,125,121,58.20%,36.40%,44.90%,46.70%,47.20%,52.10%,77.40%,55.50%,69.50%,67.00%,68.30%,69.20%
1000011,North Canaan School District,Math,110,129,138,120,124,121,50.00%,34.90%,34.10%,40.80%,41.90%,52.10%,74.00%,51.80%,54.60%,64.60%,68.90%,72.30%
1010011,North Haven School District,ELA,1128,1153,1174,1133,1117,1149,66.90%,36.80%,42.30%,46.80%,44.60%,42.90%,87.30%,55.60%,61.60%,64.60%,63.90%,61.40%
1010011,North Haven School District,Math,1130,1147,1168,1130,1109,1149,69.70%,43.40%,48.90%,51.90%,51.90%,46.80%,90.70%,64.70%,67.70%,69.10%,70.60%,66.10%
1020011,North Stonington School District,ELA,264,271,272,278,271,267,49.20%,43.90%,50.00%,50.00%,43.20%,37.80%,66.00%,61.70%,67.40%,66.70%,61.60%,53.10%
1020011,North Stonington School District,Math,264,271,272,278,271,267,49.20%,45.80%,43.00%,52.20%,50.60%,50.90%,67.50%,62.50%,58.10%,68.80%,69.70%,69.20%
1030011,Norwalk School District,ELA,3849,3987,4041,4025,3750,3802,35.60%,37.20%,37.80%,38.60%,36.40%,33.90%,57.30%,58.50%,58.80%,60.40%,57.10%,55.30%
1030011,Norwalk School District,Math,3915,3980,4037,4022,3685,3777,37.20%,43.60%,41.30%,41.30%,41.80%,39.70%,58.60%,64.60%,61.30%,60.90%,62.60%,60.10%
1040011,Norwich School District,ELA,1629,1603,1573,1607,1523,1534,37.90%,32.50%,26.90%,27.40%,25.20%,30.10%,60.40%,54.70%,47.30%,48.10%,45.70%,51.70%
1040011,Norwich School District,Math,1643,1599,1566,1604,1495,1522,37.70%,35.30%,28.70%,26.90%,24.90%,32.40%,59.70%,56.70%,47.80%,47.60%,44.00%,52.80%
2630013,Odyssey Community School District,ELA,175,175,178,177,165,174,36.60%,27.40%,30.30%,45.20%,37.00%,37.40%,62.10%,47.50%,54.60%,66.90%,58.50%,57.40%
2630013,Odyssey Community School District,Math,175,175,178,177,163,173,33.10%,40.00%,31.50%,48.60%,55.20%,46.20%,54.10%,58.20%,54.40%,68.40%,75.90%,67.40%
1060011,Old Saybrook School District,ELA,501,469,416,432,371,378,45.50%,43.10%,34.90%,61.10%,45.60%,46.30%,65.40%,62.80%,53.10%,78.60%,65.90%,67.30%
1060011,Old Saybrook School District,Math,503,469,414,430,367,375,49.10%,44.80%,46.40%,61.60%,55.60%,38.40%,70.60%,64.60%,65.30%,80.90%,76.30%,57.90%
1070011,Orange School District,ELA,509,499,483,495,498,506,53.80%,54.70%,51.30%,52.70%,53.00%,48.20%,74.00%,74.80%,71.60%,72.90%,73.20%,69.60%
1070011,Orange School District,Math,514,499,482,492,498,504,50.20%,63.50%,52.50%,54.50%,56.60%,53.80%,74.20%,86.70%,74.40%,76.90%,78.20%,75.60%
1080011,Oxford School District,ELA,776,767,738,713,598,599,39.20%,37.90%,41.10%,41.70%,39.30%,36.10%,57.30%,57.10%,61.70%,62.90%,58.90%,55.10%
1080011,Oxford School District,Math,775,766,734,712,595,594,48.10%,34.30%,41.40%,41.40%,47.90%,39.10%,70.70%,54.90%,63.20%,61.80%,66.20%,58.10%
2830013,Park City Prep Charter School District,ELA,337,339,343,346,310,350,46.30%,35.10%,34.10%,52.90%,57.40%,44.30%,70.80%,57.90%,54.60%,75.40%,77.20%,65.20%
2830013,Park City Prep Charter School District,Math,336,335,340,341,290,340,57.40%,33.10%,46.50%,62.20%,59.00%,54.40%,77.10%,54.40%,64.50%,81.00%,75.70%,74.60%
1090011,Plainfield School District,ELA,802,785,778,759,689,669,47.90%,37.80%,38.30%,41.20%,38.60%,42.90%,70.80%,57.30%,58.30%,61.50%,60.30%,63.30%
1090011,Plainfield School District,Math,799,785,778,760,687,667,56.30%,41.80%,38.00%,38.00%,40.50%,45.90%,79.60%,61.10%,57.60%,59.40%,62.50%,67.10%
1100011,Plainville School District,ELA,856,848,842,826,818,819,42.90%,34.80%,45.50%,43.90%,35.20%,41.50%,65.70%,56.00%,65.40%,63.50%,54.60%,61.90%
1100011,Plainville School District,Math,856,846,840,826,815,817,39.70%,37.70%,54.50%,44.30%,40.50%,54.50%,63.70%,58.20%,75.10%,63.60%,61.30%,74.50%
1110011,Plymouth School District,ELA,536,537,556,541,450,463,43.80%,31.10%,29.10%,48.60%,35.10%,30.00%,64.00%,52.00%,48.80%,69.10%,55.40%,51.00%
1110011,Plymouth School District,Math,539,537,554,541,447,460,49.70%,40.80%,39.90%,44.50%,44.50%,35.70%,73.70%,61.20%,59.60%,66.40%,64.80%,58.10%
1120011,Pomfret School District,ELA,221,202,198,205,180,188,51.60%,33.70%,52.50%,39.50%,46.70%,39.90%,70.30%,54.10%,74.80%,56.20%,62.30%,57.50%
1120011,Pomfret School District,Math,221,201,198,204,180,189,48.90%,45.30%,37.40%,44.60%,38.30%,51.90%,68.40%,63.10%,57.50%,62.30%,58.60%,70.40%
1130011,Portland School District,ELA,508,507,496,474,482,488,48.80%,38.90%,47.60%,39.20%,40.70%,42.00%,67.90%,54.50%,63.20%,57.40%,60.20%,60.90%
1130011,Portland School District,Math,508,506,494,473,477,486,47.40%,41.30%,46.80%,48.00%,48.60%,41.80%,70.50%,60.70%,68.50%,68.90%,65.90%,59.50%
1140011,Preston School District,ELA,215,220,222,214,200,208,36.70%,40.00%,32.90%,39.30%,50.50%,41.80%,55.50%,61.60%,52.50%,60.10%,69.00%,63.90%
1140011,Preston School District,Math,214,220,221,214,200,209,42.50%,40.90%,33.50%,40.20%,33.00%,42.10%,62.60%,62.20%,53.60%,63.60%,54.10%,66.90%
1160011,Putnam School District,ELA,395,397,404,408,353,383,43.80%,38.30%,37.40%,32.10%,27.20%,24.50%,64.10%,60.20%,59.30%,51.20%,49.20%,44.40%
1160011,Putnam School District,Math,395,384,394,405,347,380,48.40%,35.40%,28.70%,28.60%,39.80%,21.60%,69.80%,55.80%,50.40%,49.40%,61.00%,44.60%
1170011,Redding School District,ELA,502,511,495,446,386,404,51.40%,38.40%,51.70%,49.10%,47.90%,49.00%,69.00%,53.60%,68.30%,65.60%,66.20%,65.40%
1170011,Redding School District,Math,496,511,493,444,384,399,55.60%,49.10%,58.20%,57.90%,60.70%,49.60%,75.00%,67.60%,75.80%,74.10%,78.60%,68.70%
2010012,Regional School District 01,ELA,*,*,*,*,*,*,*,*,*,*,*,*,*,*,*,*,*,*
2010012,Regional School District 01,Math,*,*,*,*,*,*,*,*,*,*,*,*,*,*,*,*,*,*
2040012,Regional School District 04,ELA,300,318,310,272,222,222,42.70%,40.30%,43.90%,35.30%,30.20%,28.80%,57.50%,55.60%,58.80%,48.70%,45.30%,42.60%
2040012,Regional School District 04,Math,300,314,307,271,219,224,41.30%,47.10%,44.30%,39.90%,35.20%,32.60%,58.90%,62.90%,59.00%,55.50%,50.70%,44.70%
2050012,Regional School District 05,ELA,714,730,681,630,673,673,50.80%,44.90%,59.00%,48.30%,44.60%,43.80%,69.30%,61.60%,74.70%,63.60%,59.30%,57.70%
2050012,Regional School District 05,Math,714,730,679,627,661,667,58.10%,58.10%,62.40%,62.00%,56.70%,55.00%,74.00%,72.30%,77.60%,75.30%,71.00%,69.30%
2060012,Regional School District 06,ELA,244,226,223,233,243,248,45.50%,37.20%,53.40%,42.90%,42.40%,41.50%,63.20%,54.20%,74.50%,59.30%,61.90%,60.50%
2060012,Regional School District 06,Math,242,226,218,232,241,245,40.50%,38.50%,52.80%,49.60%,45.20%,62.90%,59.70%,62.60%,73.70%,69.90%,64.50%,80.70%
2070012,Regional School District 07,ELA,289,316,286,265,220,246,47.10%,39.90%,51.00%,50.90%,45.50%,44.70%,63.70%,53.70%,66.60%,65.80%,61.90%,62.10%
2070012,Regional School District 07,Math,286,316,284,263,216,244,59.40%,45.60%,44.40%,39.90%,44.40%,61.50%,76.40%,62.60%,59.80%,55.30%,61.30%,79.20%
2080012,Regional School District 08,ELA,549,495,446,473,361,354,36.80%,28.70%,41.30%,36.60%,36.30%,25.70%,53.80%,44.60%,55.70%,51.30%,52.60%,40.50%
2080012,Regional School District 08,Math,549,493,445,473,358,353,42.40%,47.50%,37.30%,39.50%,38.00%,35.10%,59.40%,63.10%,51.20%,54.60%,50.30%,51.00%
2100012,Regional School District 10,ELA,911,931,906,841,805,771,42.90%,46.60%,47.20%,37.60%,36.80%,49.90%,63.20%,65.30%,65.70%,56.60%,54.60%,70.30%
2100012,Regional School District 10,Math,911,928,904,840,804,769,40.70%,56.00%,42.40%,48.30%,41.90%,49.50%,60.40%,75.30%,62.50%,67.10%,60.30%,68.50%
2110012,Regional School District 11,ELA,82,89,84,83,70,89,47.60%,23.60%,32.10%,25.30%,34.30%,33.70%,65.30%,37.60%,48.80%,40.50%,50.50%,56.00%
2110012,Regional School District 11,Math,80,88,84,83,71,88,47.50%,22.70%,22.60%,25.30%,43.70%,27.30%,67.20%,39.00%,36.90%,38.20%,58.20%,44.70%
2120012,Regional School District 12,ELA,255,239,225,221,213,220,54.50%,48.10%,44.00%,47.50%,51.20%,43.60%,75.90%,66.80%,62.80%,65.90%,66.90%,57.40%
2120012,Regional School District 12,Math,254,238,223,220,213,219,62.60%,52.10%,51.10%,50.00%,46.50%,40.60%,83.20%,65.40%,68.10%,65.00%,65.50%,58.60%
2130012,Regional School District 13,ELA,670,672,634,594,477,498,47.30%,36.20%,43.80%,52.00%,38.20%,43.00%,69.30%,56.50%,63.10%,68.90%,56.90%,60.30%
2130012,Regional School District 13,Math,669,672,633,593,476,493,47.10%,47.00%,46.40%,54.10%,38.40%,48.90%,69.50%,69.20%,67.20%,75.30%,60.40%,70.30%
2140012,Regional School District 14,ELA,543,552,538,531,465,466,39.00%,36.40%,39.40%,35.60%,40.20%,42.30%,60.30%,54.50%,58.90%,55.00%,59.10%,63.10%
2140012,Regional School District 14,Math,542,551,538,531,460,463,33.40%,27.90%,43.70%,46.10%,58.90%,48.80%,55.00%,47.60%,64.70%,66.40%,78.70%,68.80%
2150012,Regional School District 15,ELA,1469,1410,1355,1300,1216,1286,51.40%,42.20%,39.50%,46.60%,35.60%,37.30%,71.10%,59.90%,57.30%,64.40%,53.90%,55.70%
2150012,Regional School District 15,Math,1470,1410,1351,1300,1202,1273,51.60%,54.20%,41.30%,51.10%,47.00%,46.00%,72.40%,74.80%,60.10%,69.50%,67.60%,63.90%
2160012,Regional School District 16,ELA,798,813,828,786,713,719,43.70%,36.40%,48.70%,43.40%,39.10%,39.40%,65.90%,55.30%,67.60%,60.90%,58.20%,57.60%
2160012,Regional School District 16,Math,778,807,826,786,708,717,41.10%,41.90%,42.60%,42.00%,50.80%,49.80%,63.10%,63.10%,62.60%,62.70%,71.80%,69.80%
2170012,Regional School District 17,ELA,887,861,806,776,618,630,51.30%,41.90%,47.90%,45.10%,43.20%,41.90%,69.80%,59.00%,67.60%,61.70%,62.60%,60.50%
2170012,Regional School District 17,Math,883,854,802,773,617,629,54.00%,43.80%,40.00%,41.00%,43.10%,40.40%,74.80%,64.00%,59.80%,60.00%,64.10%,58.90%
2180012,Regional School District 18,ELA,504,454,435,415,407,412,51.80%,45.80%,46.40%,50.80%,44.00%,46.60%,69.30%,60.50%,63.10%,67.40%,59.50%,63.30%
2180012,Regional School District 18,Math,503,452,431,413,407,412,58.10%,57.70%,57.30%,54.70%,53.30%,52.20%,75.30%,75.40%,71.80%,73.00%,69.80%,69.30%
1180011,Ridgefield School District,ELA,1853,1827,1738,1739,1522,1584,51.80%,43.40%,49.80%,51.90%,49.70%,51.50%,68.30%,57.80%,64.60%,69.10%,65.90%,68.20%
1180011,Ridgefield School District,Math,1852,1819,1734,1733,1484,1548,54.20%,49.80%,50.10%,60.50%,53.20%,55.70%,74.20%,68.30%,68.00%,78.00%,70.90%,73.80%
1190011,Rocky Hill School District,ELA,886,892,906,960,877,908,44.10%,46.50%,54.20%,52.90%,59.40%,47.80%,62.60%,65.00%,74.10%,71.20%,77.20%,64.80%
1190011,Rocky Hill School District,Math,890,891,906,958,856,907,49.10%,47.30%,53.20%,55.20%,62.00%,54.00%,69.20%,65.90%,73.50%,73.90%,80.20%,72.50%
1210011,Salem School District,ELA,195,208,202,220,188,202,58.50%,42.80%,45.50%,51.40%,37.80%,31.20%,78.70%,59.60%,62.30%,67.30%,53.60%,49.40%
1210011,Salem School District,Math,195,208,202,219,188,202,50.30%,49.50%,41.10%,55.30%,46.30%,36.60%,68.60%,64.40%,55.60%,73.70%,64.30%,52.80%
1220011,Salisbury School District,ELA,125,128,131,130,140,142,47.20%,37.50%,59.50%,53.10%,45.70%,41.50%,62.40%,57.70%,75.50%,71.00%,67.70%,59.20%
1220011,Salisbury School District,Math,125,128,131,130,140,142,56.00%,39.10%,48.90%,43.80%,45.00%,49.30%,76.00%,57.80%,67.00%,63.40%,64.00%,70.20%
1230011,Scotland School District,ELA,44,41,41,33,32,29,61.40%,58.50%,41.50%,54.50%,50.00%,27.60%,78.30%,77.30%,69.80%,67.60%,72.20%,54.10%
1230011,Scotland School District,Math,44,41,42,33,32,29,34.10%,68.30%,28.60%,63.60%,46.90%,51.70%,62.80%,95.10%,52.90%,92.30%,66.50%,81.80%
1240011,Seymour School District,ELA,856,846,831,844,739,736,37.90%,33.90%,33.70%,35.40%,37.30%,38.50%,57.50%,54.60%,54.90%,55.10%,59.00%,58.60%
1240011,Seymour School District,Math,855,845,830,843,735,735,48.70%,37.80%,45.10%,43.90%,50.30%,50.60%,70.30%,58.20%,65.70%,62.90%,72.10%,70.50%
1250011,Sharon School District,ELA,68,82,73,63,43,48,44.10%,31.70%,24.70%,57.10%,44.20%,45.80%,66.00%,53.10%,55.30%,79.00%,64.20%,66.20%
1250011,Sharon School District,Math,68,81,71,62,43,48,50.00%,45.70%,42.30%,53.20%,51.20%,52.10%,66.90%,63.90%,63.40%,75.30%,75.60%,78.60%
1260011,Shelton School District,ELA,1838,1764,1714,1748,1552,1707,50.30%,38.50%,44.30%,45.00%,40.50%,35.80%,69.20%,56.80%,63.30%,63.10%,59.30%,53.60%
1260011,Shelton School District,Math,1840,1761,1711,1745,1548,1701,49.40%,47.20%,50.10%,47.70%,56.90%,44.90%,70.50%,68.00%,69.70%,67.80%,77.10%,64.80%
1270011,Sherman School District,ELA,99,135,146,142,135,136,47.50%,33.30%,45.20%,40.80%,43.00%,47.10%,70.20%,50.30%,60.00%,60.00%,59.90%,66.70%
1270011,Sherman School District,Math,100,134,143,141,131,134,53.00%,42.50%,34.30%,49.60%,36.60%,49.30%,79.00%,60.20%,49.50%,67.80%,55.20%,70.30%
2700013,Side By Side Charter School District,ELA,108,105,101,108,107,107,39.80%,36.20%,40.60%,39.80%,38.30%,39.30%,60.30%,57.90%,62.70%,64.10%,66.00%,62.50%
2700013,Side By Side Charter School District,Math,107,104,101,108,107,107,55.10%,55.80%,49.50%,51.90%,55.10%,53.30%,75.40%,76.90%,69.00%,76.20%,78.10%,76.50%
1280011,Simsbury School District,ELA,1554,1508,1460,1430,1405,1446,56.00%,48.20%,57.10%,52.50%,45.60%,47.90%,74.00%,64.60%,72.80%,69.50%,62.00%,64.40%
1280011,Simsbury School District,Math,1544,1499,1450,1428,1399,1441,53.60%,55.40%,49.80%,54.10%,55.80%,56.30%,73.80%,74.90%,67.30%,72.00%,73.10%,72.70%
1290011,Somers School District,ELA,536,556,524,486,435,481,46.80%,28.40%,32.60%,40.30%,39.30%,48.40%,66.60%,45.00%,52.00%,59.40%,60.10%,69.10%
1290011,Somers School District,Math,535,553,520,482,434,481,48.20%,34.90%,40.20%,46.90%,41.20%,53.20%,72.10%,56.00%,62.60%,69.80%,61.80%,73.60%
1320011,South Windsor School District,ELA,1512,1485,1533,1569,1792,1833,49.70%,42.20%,45.50%,43.80%,50.80%,44.50%,67.90%,57.90%,63.50%,61.50%,69.00%,60.30%
1320011,South Windsor School District,Math,1507,1481,1533,1568,1788,1820,54.90%,52.70%,51.10%,54.00%,54.40%,52.70%,75.50%,71.90%,68.80%,71.50%,70.90%,69.60%
1310011,Southington School District,ELA,2504,2494,2434,2406,2183,2212,39.60%,40.30%,38.40%,40.80%,38.40%,37.70%,59.60%,60.20%,58.90%,60.60%,58.40%,57.40%
1310011,Southington School District,Math,2501,2489,2432,2404,2171,2205,39.20%,44.20%,35.30%,45.80%,49.90%,45.90%,60.90%,65.30%,56.30%,66.70%,71.60%,66.00%
1330011,Sprague School District,ELA,164,157,149,141,132,129,42.70%,30.60%,36.90%,22.70%,28.00%,22.50%,61.80%,47.60%,58.90%,41.80%,50.40%,40.70%
1330011,Sprague School District,Math,165,157,149,141,131,128,35.80%,28.00%,34.20%,10.60%,55.00%,21.90%,59.70%,49.90%,54.80%,29.10%,75.80%,45.80%
1340011,Stafford School District,ELA,535,525,528,559,489,495,44.90%,32.20%,35.40%,33.80%,39.90%,30.70%,66.20%,51.40%,55.60%,53.40%,60.20%,50.60%
1340011,Stafford School District,Math,536,524,527,559,484,492,39.20%,24.40%,34.90%,42.80%,45.20%,35.80%,64.80%,43.60%,59.10%,64.30%,66.40%,58.00%
2960013,Stamford Charter School for Excellence District,ELA,*,*,*,49,198,226,*,*,*,65.30%,63.60%,45.10%,*,*,*,89.80%,79.50%,58.80%
2960013,Stamford Charter School for Excellence District,Math,*,*,*,49,198,226,*,*,*,49.00%,74.70%,58.00%,*,*,*,74.10%,89.40%,72.20%
1350011,Stamford School District,ELA,5238,5453,5537,5534,5271,5497,41.70%,36.70%,37.50%,36.60%,36.00%,32.20%,63.00%,57.30%,59.70%,57.00%,56.60%,52.60%
1350011,Stamford School District,Math,5311,5440,5519,5523,5218,5468,39.80%,44.50%,38.30%,38.80%,39.30%,37.30%,61.60%,65.50%,58.20%,59.20%,58.20%,56.40%
1360011,Sterling School District,ELA,227,203,188,187,166,146,41.40%,25.60%,42.00%,27.30%,26.50%,35.60%,64.40%,41.50%,62.80%,44.20%,50.00%,56.20%
1360011,Sterling School District,Math,226,203,186,186,165,146,45.60%,22.20%,42.50%,28.50%,29.10%,24.70%,66.50%,38.50%,68.20%,47.50%,50.40%,42.00%
1370011,Stonington School District,ELA,756,772,748,726,621,603,45.20%,41.60%,41.70%,48.80%,43.20%,40.10%,61.40%,59.00%,58.80%,67.20%,60.80%,57.20%
1370011,Stonington School District,Math,756,771,746,725,617,601,47.80%,42.00%,38.20%,51.30%,56.10%,46.90%,69.20%,60.00%,54.40%,69.70%,73.00%,64.10%
1380011,Stratford School District,ELA,2542,2575,2530,2481,2208,2332,39.30%,33.70%,34.80%,35.20%,38.50%,32.80%,60.50%,54.40%,55.90%,56.90%,58.60%,53.90%
1380011,Stratford School District,Math,2540,2574,2525,2479,2167,2301,44.90%,32.90%,35.00%,37.60%,41.30%,31.90%,65.40%,53.20%,55.90%,58.60%,61.80%,51.90%
1390011,Suffield School District,ELA,814,794,767,712,645,685,43.50%,35.50%,42.90%,46.50%,42.60%,37.20%,61.30%,53.10%,62.00%,65.80%,62.80%,54.70%
1390011,Suffield School District,Math,813,788,759,712,644,686,42.40%,40.50%,47.20%,53.70%,62.00%,45.50%,63.90%,62.00%,67.40%,73.90%,82.10%,65.70%
2690013,The Bridge Academy District,ELA,97,89,86,90,97,93,25.80%,28.10%,37.20%,36.70%,33.00%,29.00%,45.00%,46.40%,59.70%,51.90%,55.40%,53.80%
2690013,The Bridge Academy District,Math,97,88,85,89,96,93,49.50%,39.80%,31.80%,39.30%,44.80%,33.30%,70.30%,63.10%,51.30%,54.50%,58.30%,49.40%
9020022,The Gilbert School District,ELA,157,150,152,141,141,125,27.40%,30.00%,26.30%,46.80%,29.80%,24.00%,43.70%,47.60%,43.70%,66.80%,46.70%,44.30%
9020022,The Gilbert School District,Math,156,148,153,139,143,124,37.80%,15.50%,37.30%,46.80%,20.30%,16.10%,54.60%,28.80%,55.30%,66.70%,30.50%,23.40%
1400011,Thomaston School District,ELA,372,366,317,309,290,303,39.80%,46.20%,39.70%,40.10%,43.40%,30.70%,64.40%,68.60%,59.80%,60.60%,61.70%,51.40%
1400011,Thomaston School District,Math,374,366,317,307,278,301,37.70%,32.50%,33.40%,44.60%,54.30%,39.50%,60.00%,53.10%,58.00%,65.70%,74.60%,59.60%
1410011,Thompson School District,ELA,371,376,362,347,325,326,25.10%,35.10%,24.60%,25.60%,36.30%,24.80%,44.50%,55.70%,44.20%,45.50%,57.60%,43.10%
1410011,Thompson School District,Math,369,376,361,344,325,321,27.40%,36.70%,25.80%,24.70%,39.10%,29.90%,48.90%,58.90%,49.00%,43.90%,58.50%,51.40%
1420011,Tolland School District,ELA,1007,947,896,853,751,757,45.80%,35.90%,36.80%,35.90%,41.00%,44.30%,64.50%,53.90%,56.40%,53.50%,59.10%,62.80%
1420011,Tolland School District,Math,1007,944,895,849,747,755,48.70%,40.30%,37.50%,46.10%,55.30%,63.80%,70.00%,59.90%,57.60%,67.10%,75.40%,82.10%
1430011,Torrington School District,ELA,1501,1542,1565,1482,1399,1423,30.90%,26.70%,36.00%,34.30%,41.20%,34.90%,51.50%,47.30%,56.70%,53.00%,61.90%,54.40%
1430011,Torrington School District,Math,1499,1533,1556,1480,1354,1408,31.60%,26.40%,37.00%,35.90%,41.00%,34.40%,53.30%,48.00%,59.30%,57.00%,62.00%,54.80%
2780013,Trailblazers Academy District,ELA,105,108,95,104,*,*,21.90%,13.00%,35.80%,33.70%,*,*,41.90%,28.60%,61.50%,53.80%,*,*
2780013,Trailblazers Academy District,Math,104,107,94,104,*,*,21.20%,22.40%,17.00%,16.30%,*,*,35.60%,36.40%,32.00%,37.00%,*,*
1440011,Trumbull School District,ELA,2341,2451,2489,2420,2377,2471,68.70%,50.50%,52.80%,51.70%,53.30%,51.20%,86.50%,67.10%,69.50%,68.60%,71.10%,68.60%
1440011,Trumbull School District,Math,2346,2446,2485,2415,2372,2465,69.60%,56.50%,55.50%,54.00%,60.10%,57.10%,88.90%,74.00%,73.50%,72.80%,78.70%,74.80%
3470015,Unified School District #2,ELA,*,*,*,9,*,*,*,*,*,*,*,*,*,*,*,*,*,*
3470015,Unified School District #2,Math,*,*,*,*,*,*,*,*,*,*,*,*,*,*,*,*,*,*
1450011,Union School District,ELA,39,38,29,24,25,28,46.20%,39.50%,48.30%,54.20%,28.00%,28.60%,63.90%,59.60%,71.90%,68.60%,51.40%,44.20%
1450011,Union School District,Math,39,38,29,24,25,28,56.40%,42.10%,44.80%,50.00%,12.00%,42.90%,73.90%,56.20%,73.90%,65.70%,31.30%,60.60%
1460011,Vernon School District,ELA,1075,1109,1089,1091,1017,1009,40.30%,38.70%,29.40%,44.70%,40.70%,42.60%,60.70%,60.60%,49.30%,65.80%,61.70%,63.10%
1460011,Vernon School District,Math,1072,1104,1086,1081,988,999,42.80%,44.60%,39.70%,44.30%,52.20%,44.30%,66.10%,66.40%,58.00%,64.90%,72.30%,65.40%
1470011,Voluntown School District,ELA,144,138,136,134,128,112,36.80%,37.00%,41.20%,48.50%,39.10%,29.50%,58.40%,59.50%,59.60%,69.90%,58.50%,53.00%
1470011,Voluntown School District,Math,144,138,136,134,127,112,50.00%,52.90%,44.10%,60.40%,48.00%,36.60%,75.20%,74.40%,65.40%,79.80%,72.80%,53.60%
1480011,Wallingford School District,ELA,2165,2105,2056,1996,1818,1837,44.30%,32.70%,31.40%,37.80%,37.00%,33.00%,65.80%,54.00%,51.80%,58.50%,57.50%,53.70%
1480011,Wallingford School District,Math,2170,2102,2028,1978,1798,1821,38.00%,32.70%,32.40%,35.00%,37.60%,37.70%,60.40%,55.90%,52.90%,56.40%,58.10%,57.60%
1510011,Waterbury School District,ELA,6297,6452,6433,6526,5772,6100,33.20%,26.00%,27.70%,34.20%,35.90%,28.00%,57.00%,47.70%,50.80%,57.80%,58.60%,50.60%
1510011,Waterbury School District,Math,6354,6447,6416,6517,5607,6051,30.50%,30.90%,30.60%,32.60%,35.10%,31.20%,51.60%,51.80%,50.90%,53.80%,54.60%,51.90%
1520011,Waterford School District,ELA,968,957,950,912,866,840,44.10%,34.80%,40.60%,46.10%,42.70%,32.30%,63.80%,54.40%,59.10%,64.30%,63.40%,50.30%
1520011,Waterford School District,Math,969,958,950,912,858,836,46.20%,37.70%,41.90%,55.60%,52.30%,38.50%,66.40%,58.00%,62.00%,74.80%,74.30%,59.10%
1530011,Watertown School District,ELA,1045,1045,1053,1023,909,922,45.60%,40.60%,44.50%,38.20%,38.50%,31.00%,67.70%,61.10%,64.70%,57.60%,59.90%,51.30%
1530011,Watertown School District,Math,1045,1041,1050,1020,904,920,36.70%,44.90%,42.40%,37.20%,51.70%,36.50%,59.40%,67.20%,63.50%,56.10%,72.80%,57.20%
1550011,West Hartford School District,ELA,3498,3552,3529,3415,3113,3168,44.40%,43.40%,44.60%,46.90%,47.10%,42.00%,62.50%,61.60%,63.60%,65.80%,66.10%,60.40%
1550011,West Hartford School District,Math,3494,3542,3522,3403,3037,3141,45.90%,48.00%,46.60%,49.00%,49.50%,50.70%,65.80%,68.00%,66.10%,67.40%,67.80%,68.70%
1560011,West Haven School District,ELA,2003,2010,2100,2083,1817,2002,38.40%,33.60%,34.60%,38.60%,36.30%,37.10%,61.10%,55.90%,56.10%,59.70%,60.60%,59.40%
1560011,West Haven School District,Math,2014,2006,2095,2072,1777,1981,47.00%,40.00%,39.60%,42.20%,44.20%,44.30%,69.50%,62.70%,61.10%,62.20%,63.20%,63.30%
1540011,Westbrook School District,ELA,258,267,277,235,193,195,50.40%,52.40%,49.50%,52.80%,48.70%,42.60%,71.20%,71.30%,70.40%,71.20%,68.90%,62.60%
1540011,Westbrook School District,Math,260,267,277,235,193,195,60.80%,69.30%,45.80%,56.20%,58.00%,63.10%,82.30%,88.40%,65.00%,78.30%,80.50%,83.90%
1570011,Weston School District,ELA,885,867,872,861,793,780,49.30%,39.20%,48.70%,45.20%,48.40%,52.40%,69.00%,56.40%,68.20%,64.70%,66.30%,68.30%
1570011,Weston School District,Math,883,865,870,856,792,779,46.30%,52.70%,57.10%,58.20%,59.20%,58.00%,66.00%,70.80%,77.50%,75.10%,76.30%,73.20%
1580011,Westport School District,ELA,2063,2038,2013,1943,1819,1876,46.80%,45.60%,55.20%,50.50%,45.50%,46.70%,63.80%,62.10%,71.40%,66.80%,62.40%,62.90%
1580011,Westport School District,Math,2063,2030,2010,1943,1816,1870,50.60%,54.30%,66.70%,65.80%,58.30%,61.70%,69.40%,71.00%,83.90%,81.30%,75.30%,77.20%
1590011,Wethersfield School District,ELA,1283,1292,1310,1293,1294,1316,55.00%,40.80%,39.20%,41.50%,40.40%,37.40%,74.00%,60.20%,58.70%,61.80%,60.70%,56.30%
1590011,Wethersfield School District,Math,1283,1290,1309,1289,1286,1314,59.80%,48.80%,48.10%,48.00%,46.70%,40.90%,79.90%,69.20%,67.00%,67.20%,66.10%,61.30%
1600011,Willington School District,ELA,218,219,224,227,195,198,47.70%,40.20%,46.90%,26.90%,33.30%,37.40%,69.20%,60.70%,68.30%,46.60%,53.50%,56.80%
1600011,Willington School District,Math,218,219,224,227,192,197,45.90%,46.10%,42.90%,42.70%,51.00%,46.20%,70.50%,72.60%,66.30%,62.50%,72.30%,70.20%
1610011,Wilton School District,ELA,1591,1547,1471,1456,1304,1325,56.30%,41.70%,51.90%,49.70%,57.70%,52.30%,74.70%,58.20%,69.30%,66.30%,75.30%,68.80%
1610011,Wilton School District,Math,1590,1544,1470,1454,1290,1312,59.90%,53.60%,55.70%,53.40%,71.90%,68.80%,80.50%,73.10%,74.40%,73.30%,90.00%,84.40%
1620011,Winchester School District,ELA,217,224,207,207,199,219,40.10%,33.90%,37.20%,39.10%,39.70%,35.60%,62.80%,56.40%,61.30%,61.50%,60.80%,57.30%
1620011,Winchester School District,Math,218,222,206,207,197,219,35.80%,31.50%,58.30%,51.20%,52.80%,37.00%,57.90%,55.20%,79.10%,75.20%,77.70%,57.90%
1630011,Windham School District,ELA,1129,1228,1266,1268,990,1196,43.80%,32.70%,29.50%,32.50%,31.20%,32.40%,66.90%,54.10%,50.50%,55.50%,53.00%,56.20%
1630011,Windham School District,Math,1130,1217,1263,1261,968,1185,42.60%,33.20%,36.60%,35.90%,39.60%,38.10%,64.80%,54.50%,57.10%,56.90%,60.50%,59.30%
1650011,Windsor Locks School District,ELA,582,550,527,516,485,528,43.30%,33.80%,38.90%,30.00%,42.90%,40.90%,66.70%,52.30%,61.90%,49.90%,64.00%,62.90%
1650011,Windsor Locks School District,Math,568,543,527,514,485,528,46.00%,37.00%,34.30%,36.60%,47.60%,42.00%,66.50%,57.60%,53.60%,58.10%,66.30%,61.60%
1640011,Windsor School District,ELA,1024,1051,1065,1077,1031,1066,35.40%,34.30%,31.50%,38.50%,40.20%,36.80%,55.90%,56.00%,51.50%,60.80%,61.90%,58.00%
1640011,Windsor School District,Math,1025,1049,1057,1065,1010,1049,39.70%,42.30%,35.00%,51.00%,49.10%,41.20%,63.90%,64.80%,55.10%,72.90%,69.70%,61.90%
1660011,Wolcott School District,ELA,899,842,839,819,777,776,44.50%,30.50%,51.10%,40.90%,40.40%,36.20%,64.20%,48.90%,70.80%,59.20%,60.60%,53.80%
1660011,Wolcott School District,Math,899,842,839,819,768,773,50.10%,41.40%,47.60%,47.70%,45.80%,42.60%,72.20%,59.70%,69.60%,66.20%,64.80%,62.70%
1670011,Woodbridge School District,ELA,286,284,324,334,358,353,64.30%,50.00%,50.30%,58.40%,61.50%,61.20%,82.20%,67.70%,70.70%,78.60%,79.60%,79.00%
1670011,Woodbridge School District,Math,286,283,320,330,356,354,65.70%,53.40%,52.50%,67.90%,64.90%,64.70%,87.30%,74.20%,72.00%,85.70%,84.80%,82.70%
1690011,Woodstock School District,ELA,457,452,450,441,397,387,42.20%,27.40%,41.60%,36.10%,43.60%,38.00%,60.60%,43.40%,61.30%,55.20%,65.00%,59.60%
1690011,Woodstock School District,Math,457,447,446,440,397,387,37.20%,24.60%,45.30%,38.60%,48.90%,45.20%,58.70%,43.20%,66.00%,58.20%,73.00%,68.20%
